Date,Close
2011-10-20,100045
2011-10-21,99600
2011-10-24,99255
2011-10-25,99450
2011-10-26,99595
2011-10-27,99440
2011-10-28,99335
2011-10-31,99830
2011-11-1,100185
2011-11-2,100255
2011-11-3,100370
2011-11-4,100215
2011-11-7,100305
2011-11-8,100555
2011-11-9,100660
2011-11-10,100845
2011-11-11,100520
2011-11-14,100205
2011-11-15,100405
2011-11-16,100805
2011-11-17,100580
2011-11-18,100745
2011-11-21,100680
2011-11-22,100825
2011-11-23,100925
2011-11-24,101040
2011-11-25,100655
2011-11-28,100580
2011-11-29,100610
2011-11-30,100855
2011-12-1,100745
2011-12-2,100825
2011-12-5,100325
2011-12-6,100295
2011-12-7,100305
2011-12-8,100140
2011-12-9,100290
2011-12-12,100250
2011-12-13,100370
2011-12-14,100425
2011-12-15,100460
2011-12-16,100400
2011-12-19,99810
2011-12-20,100120
2011-12-21,100180
2011-12-22,100170
2011-12-23,100170
2011-12-26,100175
2011-12-27,100130
2011-12-28,100280
2011-12-29,100725
2012-1-2,100630
2012-1-3,100605
2012-1-4,100540
2012-1-5,100695
2012-1-6,100780
2012-1-9,100710
2012-1-10,100655
2012-1-11,100700
2012-1-12,100735
2012-1-13,100775
2012-1-16,100795
2012-1-17,100750
2012-1-18,100795
2012-1-19,100815
2012-1-20,100620
2012-1-25,100715
2012-1-26,100750
2012-1-27,100750
2012-1-30,100985
2012-1-31,101120
2012-2-1,101155
2012-2-2,101100
2012-2-3,101150
2012-2-6,100990
2012-2-7,100930
2012-2-8,100680
2012-2-9,100720
2012-2-10,100800
2012-2-13,100740
2012-2-14,100815
2012-2-15,100810
2012-2-16,100990
2012-2-17,100815
2012-2-20,100685
2012-2-21,100805
2012-2-22,100755
2012-2-23,100815
2012-2-24,100895
2012-2-27,100950
2012-2-28,101140
2012-2-29,101085
2012-3-2,100890
2012-3-5,100680
2012-3-6,100640
2012-3-7,100635
2012-3-8,100635
2012-3-9,100795
2012-3-12,100950
2012-3-13,100940
2012-3-14,100690
2012-3-15,100515
2012-3-16,100210
2012-3-19,100125
2012-3-20,100030
2012-3-21,99830
2012-3-22,99735
2012-3-23,99655
2012-3-26,99925
2012-3-27,100015
2012-3-28,100125
2012-3-29,100015
2012-3-30,100510
2012-4-2,100205
2012-4-3,100465
2012-4-5,100450
2012-4-6,100590
2012-4-9,100680
2012-4-10,100935
2012-4-13,100930
2012-4-16,101255
2012-4-17,101360
2012-4-18,101180
2012-4-23,101255
2012-4-24,101240
2012-4-25,101105
2012-4-26,101220
2012-4-27,101460
2012-4-30,101605
2012-5-2,101560
2012-5-3,101685
2012-5-4,101795
2012-5-7,102140
2012-5-8,102075
2012-5-9,102160
2012-5-10,101895
2012-5-11,102205
2012-5-14,102255
2012-5-15,102390
2012-5-16,102275
2012-5-17,102410
2012-5-18,102400
2012-5-21,102305
2012-5-22,102370
2012-5-23,102405
2012-5-24,102545
2012-5-25,102525
2012-5-29,102510
2012-5-30,102600
2012-5-31,102855
2012-6-1,103175
2012-6-4,103495
2012-6-5,103345
2012-6-7,103100
2012-6-8,103635
2012-6-11,103170
2012-6-12,103115
2012-6-13,103165
2012-6-14,103445
2012-6-15,103420
2012-6-18,103180
2012-6-19,103355
2012-6-20,103010
2012-6-21,103085
2012-6-22,103500
2012-6-25,103460
2012-6-26,103450
2012-6-27,103565
2012-6-28,103700
2012-6-29,103520
2012-7-2,103535
2012-7-3,103600
2012-7-4,103805
2012-7-5,104070
2012-7-6,104070
2012-7-9,104145
2012-7-10,104255
2012-7-11,104210
2012-7-12,105920
2012-7-13,105860
2012-7-16,106185
2012-7-17,106395
2012-7-18,106800
2012-7-19,106760
2012-7-20,106625
2012-7-23,107315
2012-7-24,107165
2012-7-25,107895
2012-7-26,107805
2012-7-27,107195
2012-7-30,107025
2012-7-31,107015
2012-8-1,106885
2012-8-2,107045
2012-8-3,107740
2012-8-6,107805
2012-8-7,107840
2012-8-8,107715
2012-8-9,107655
2012-8-10,107780
2012-8-13,107650
2012-8-14,107330
2012-8-16,106570
2012-8-17,106800
2012-8-20,106745
2012-8-21,107060
2012-8-22,107060
2012-8-23,107175
2012-8-24,107545
2012-8-27,107710
2012-8-28,107735
2012-8-29,107980
2012-8-30,108005
2012-8-31,108090
2012-9-3,108320
2012-9-4,108260
2012-9-5,108450
2012-9-6,108320
2012-9-7,107860
2012-9-10,108175
2012-9-11,108255
2012-9-12,108130
2012-9-13,107885
2012-9-14,107520
2012-9-17,107470
2012-9-18,107675
2012-9-19,107575
2012-9-20,107950
2012-9-21,108005
2012-9-24,108105
2012-9-25,108215
2012-9-26,108150
2012-9-27,108140
2012-9-28,108515
2012-10-2,108820
2012-10-4,109000
2012-10-5,108985
2012-10-8,108915
2012-10-9,108915
2012-10-10,109330
2012-10-11,109205
2012-10-12,109040
2012-10-15,109140
2012-10-16,109060
2012-10-17,108800
2012-10-18,108535
2012-10-19,108475
2012-10-22,108530
2012-10-23,108310
2012-10-24,108645
2012-10-25,108745
2012-10-26,108930
2012-10-29,108980
2012-10-30,108980
2012-10-31,109000
2012-11-1,109150
2012-11-2,108890
2012-11-5,108835
2012-11-6,108935
2012-11-7,108885
2012-11-8,109195
2012-11-9,109120
2012-11-12,108905
2012-11-13,109135
2012-11-14,109135
2012-11-15,109275
2012-11-16,109175
2012-11-19,109060
2012-11-20,108970
2012-11-21,109060
2012-11-22,109005
2012-11-23,108765
2012-11-26,108840
2012-11-27,108645
2012-11-28,108870
2012-11-29,108775
2012-11-30,108870
2012-12-3,108800
2012-12-4,108760
2012-12-5,104100
2012-12-6,104140
2012-12-7,104390
2012-12-10,104120
2012-12-11,104120
2012-12-12,104055
2012-12-13,103840
2012-12-14,103680
2012-12-17,103720
2012-12-18,103460
2012-12-20,103440
2012-12-21,103550
2012-12-24,103560
2012-12-26,103125
2012-12-27,103370
2012-12-28,103895
2013-1-2,103555
2013-1-3,104175
2013-1-4,104180
2013-1-7,104315
2013-1-8,104650
2013-1-9,104695
2013-1-10,104900
2013-1-11,104770
2013-1-14,104740
2013-1-15,104935
2013-1-16,104980
2013-1-17,105205
2013-1-18,105010
2013-1-21,105080
2013-1-22,105080
2013-1-23,104950
2013-1-24,105145
2013-1-25,105210
2013-1-28,105220
2013-1-29,104745
2013-1-30,104450
2013-1-31,104670
2013-2-1,104365
2013-2-4,104150
2013-2-5,104725
2013-2-6,104715
2013-2-7,104975
2013-2-8,104840
2013-2-12,105115
2013-2-13,104750
2013-2-14,104760
2013-2-15,104825
2013-2-18,104915
2013-2-19,105055
2013-2-20,105045
2013-2-21,108555
2013-2-22,105250
2013-2-25,105435
2013-2-26,105610
2013-2-27,105975
2013-2-28,105940
2013-3-4,105900
2013-3-5,105970
2013-3-6,105920
2013-3-7,105595
2013-3-8,105560
2013-3-11,105520
2013-3-12,105870
2013-3-13,105880
2013-3-14,105810
2013-3-15,106105
2013-3-18,106345
2013-3-19,106400
2013-3-20,106250
2013-3-21,106330
2013-3-22,106400
2013-3-25,106445
2013-3-26,106415
2013-3-27,106520
2013-3-28,107290
2013-3-29,107195
2013-4-1,106995
2013-4-2,107060
2013-4-3,107165
2013-4-4,107265
2013-4-5,107400
2013-4-8,107375
2013-4-9,107265
2013-4-10,107250
2013-4-11,106295
2013-4-12,105945
2013-4-15,106115
2013-4-16,106660
2013-4-17,106805
2013-4-18,106950
2013-4-19,106955
2013-4-22,106955
2013-4-23,107030
2013-4-24,107030
2013-4-25,107310
2013-4-26,107595
2013-4-29,107640
2013-4-30,107740
2013-5-2,108165
2013-5-3,108140
2013-5-6,107590
2013-5-7,107750
2013-5-8,107415
2013-5-9,107460
2013-5-10,107200
2013-5-13,107130
2013-5-14,107195
2013-5-15,107035
2013-5-16,107165
2013-5-20,106895
2013-5-21,106855
2013-5-22,106830
2013-5-23,106815
2013-5-24,106790
2013-5-27,106890
2013-5-28,106800
2013-5-29,105970
2013-5-30,106040
2013-5-31,105600
2013-6-3,105560
2013-6-4,105590
2013-6-5,105270
2013-6-7,105520
2013-6-10,105175
2013-6-11,105205
2013-6-12,104355
2013-6-13,104575
2013-6-14,105050
2013-6-17,104770
2013-6-18,105080
2013-6-19,105165
2013-6-20,103620
2013-6-21,102500
2013-6-24,101430
2013-6-25,102135
2013-6-26,102685
2013-6-27,103365
2013-6-28,103505
2013-7-1,102895
2013-7-2,103320
2013-7-3,103150
2013-7-4,103130
2013-7-5,102770
2013-7-8,102045
2013-7-9,102340
2013-7-10,102860
2013-7-11,103750
2013-7-12,103935
2013-7-15,103555
2013-7-16,103475
2013-7-17,103330
2013-7-18,103665
2013-7-19,103830
2013-7-23,103845
2013-7-24,103660
2013-7-25,103015
2013-7-26,102965
2013-7-29,103335
2013-7-30,103515
2013-7-31,103150
2013-8-2,102640
2013-8-5,103060
2013-8-6,103140
2013-8-7,102605
2013-8-8,102670
2013-8-9,102600
2013-8-12,102990
2013-8-13,102905
2013-8-14,102185
2013-8-16,101880
2013-8-19,101630
2013-8-20,102220
2013-8-21,102270
2013-8-22,101490
2013-8-23,101895
2013-8-26,102320
2013-8-27,102415
2013-8-28,102675
2013-8-29,103065
2013-8-30,103375
2013-9-2,103000
2013-9-3,102830
2013-9-4,102670
2013-9-5,102145
2013-9-6,101830
2013-9-9,102820
2013-9-10,102885
2013-9-11,103160
2013-9-12,103235
2013-9-13,103210
2013-9-16,103840
2013-9-17,104020
2013-9-23,104660
2013-9-24,104720
2013-9-25,104790
2013-9-26,104330
2013-9-27,104490
2013-9-30,104680
2013-10-1,104535
2013-10-2,104715
2013-10-4,104715
2013-10-7,104655
2013-10-8,104540
2013-10-10,104065
2013-10-11,104065
2013-10-14,103855
2013-10-15,103895
2013-10-16,104055
2013-10-17,104335
2013-10-18,104690
2013-10-21,104650
2013-10-22,104670
2013-10-23,105440
2013-10-24,105150
2013-10-25,105320
2013-10-28,105000
2013-10-29,105120
2013-10-30,105410
2013-10-31,105155
2013-11-1,104990
2013-11-4,104505
2013-11-5,104465
2013-11-6,104350
2013-11-7,104415
2013-11-8,104500
2013-11-11,103895
2013-11-12,103535
2013-11-13,103870
2013-11-14,104115
2013-11-15,103980
2013-11-18,104005
2013-11-19,103800
2013-11-20,103570
2013-11-21,103320
2013-11-22,103500
2013-11-25,103740
2013-11-26,103690
2013-11-27,103820
2013-11-28,103670
2013-11-29,103435
2013-12-2,103035
2013-12-3,103160
2013-12-4,103070
2013-12-5,102980
2013-12-6,103060
2013-12-9,103500
2013-12-10,103595
2013-12-11,103315
2013-12-12,103310
2013-12-13,103545
2013-12-16,103870
2013-12-17,104105
2013-12-19,103960
2013-12-20,103985
2013-12-23,104240
2013-12-24,104155
2013-12-26,104320
2013-12-27,104655
2013-12-30,104525
2014-1-2,104055
2014-1-3,103400
2014-1-6,103810
2014-1-7,103930
2014-1-8,104040
2014-1-9,103665
2014-1-10,103980
2014-1-13,104400
2014-1-14,104230
2014-1-15,103975
2014-1-16,104070
2014-1-17,104140
2014-1-20,104075
2014-1-21,103915
2014-1-22,103790
2014-1-23,104035
2014-1-24,104585
2014-1-27,104565
2014-1-28,104485
2014-1-29,104370
2014-2-3,104495
2014-2-4,104980
2014-2-5,105040
2014-2-6,104840
2014-2-7,104860
2014-2-10,105105
2014-2-11,105245
2014-2-12,105185
2014-2-13,105480
2014-2-14,105715
2014-2-17,105610
2014-2-18,105355
2014-2-20,105645
2014-2-21,105425
2014-2-24,105510
2014-2-25,105605
2014-2-26,105470
2014-2-27,105655
2014-2-28,105610
2014-3-3,105370
2014-3-4,105055
2014-3-5,105120
2014-3-6,105115
2014-3-7,105065
2014-3-10,105190
2014-3-11,105265
2014-3-12,105435
2014-3-13,105565
2014-3-14,105950
2014-3-17,105740
2014-3-18,105665
2014-3-19,105680
2014-3-20,105700
2014-3-21,105460
2014-3-24,105580
2014-3-25,105600
2014-3-26,105650
2014-3-27,105795
2014-3-28,105875
2014-3-31,105900
2014-4-1,105710
2014-4-2,105550
2014-4-3,105420
2014-4-4,105640
2014-4-7,105950
2014-4-8,105830
2014-4-9,105910
2014-4-10,105900
2014-4-11,105920
2014-4-14,105780
2014-4-15,105835
2014-4-16,105860
2014-4-17,105930
2014-4-18,105795
2014-4-21,105825
2014-4-22,105800
2014-4-23,105895
2014-4-24,105940
2014-4-25,106055
2014-4-28,105945
2014-4-29,106110
2014-4-30,106105
2014-5-2,106295
2014-5-7,106595
2014-5-8,106720
2014-5-9,106890
2014-5-12,106885
2014-5-13,106890
2014-5-14,106845
2014-5-15,107460
2014-5-16,107355
2014-5-19,107385
2014-5-20,107380
2014-5-21,107545
2014-5-22,107325
2014-5-23,107410
2014-5-26,107540
2014-5-27,107600
2014-5-28,107675
2014-5-29,108000
2014-5-30,107905
2014-6-2,107745
2014-6-3,107710
2014-6-5,107545
2014-6-9,107660
2014-6-10,107925
2014-6-11,107870
2014-6-12,108215
2014-6-13,108310
2014-6-16,108330
2014-6-17,108385
2014-6-18,108405
2014-6-19,108805
2014-6-20,109100
2014-6-23,109175
2014-6-24,109290
2014-6-25,109170
2014-6-26,109270
2014-6-27,109550
2014-6-30,109660
2014-7-1,109650
2014-7-2,110255
2014-7-3,110240
2014-7-4,110115
2014-7-7,110090
2014-7-8,109905
2014-7-9,109815
2014-7-10,110435
2014-7-11,110545
2014-7-14,110530
2014-7-15,110490
2014-7-16,110855
2014-7-17,111485
2014-7-18,111505
2014-7-21,111265
2014-7-22,111300
2014-7-23,111450
2014-7-24,111225
2014-7-25,111065
2014-7-28,111235
2014-7-29,111005
2014-7-30,110945
2014-7-31,110760
2014-8-1,110465
2014-8-4,110500
2014-8-5,110610
2014-8-6,110495
2014-8-7,110700
2014-8-8,111055
2014-8-11,110960
2014-8-12,110805
2014-8-13,110815
2014-8-14,110860
2014-8-18,110690
2014-8-19,110025
2014-8-20,110165
2014-8-21,110290
2014-8-22,110250
2014-8-25,110545
2014-8-26,110915
2014-8-27,111100
2014-8-28,111275
2014-8-29,111195
2014-9-1,111275
2014-9-2,111125
2014-9-3,110875
2014-9-4,110700
2014-9-5,110865
2014-9-11,110895
2014-9-12,111200
2014-9-15,111205
2014-9-16,111600
2014-9-17,111400
2014-9-18,111635
2014-9-19,111665
2014-9-22,111885
2014-9-23,112050
2014-9-24,112080
2014-9-25,112165
2014-9-26,112375
2014-9-29,112540
2014-9-30,113035
2014-10-1,113425
2014-10-2,113365
2014-10-6,113210
2014-10-7,113110
2014-10-8,113220
2014-10-10,113505
2014-10-13,113450
2014-10-14,113450
2014-10-15,113685
2014-10-16,113955
2014-10-17,114190
2014-10-20,114010
2014-10-21,114160
2014-10-22,114180
2014-10-23,114495
2014-10-24,114795
2014-10-27,114600
2014-10-28,114615
2014-10-29,114655
2014-10-30,114890
2014-10-31,115240
2014-11-3,115215
2014-11-4,115420
2014-11-5,115390
2014-11-6,115330
2014-11-7,115155
2014-11-10,115060
2014-11-11,114785
2014-11-12,114300
2014-11-13,114045
2014-11-14,114245
2014-11-17,114285
2014-11-18,114465
2014-11-19,114585
2014-11-20,114800
2014-11-21,114810
2014-11-24,115025
2014-11-25,115485
2014-11-26,115700
2014-11-27,115605
2014-11-28,115980
2014-12-1,115985
2014-12-2,116015
2014-12-3,115530
2014-12-4,114670
2014-12-5,114920
2014-12-8,114445
2014-12-9,114610
2014-12-10,114560
2014-12-11,114965
2014-12-12,115170
2014-12-15,115215
2014-12-16,115435
2014-12-17,115335
2014-12-18,115060
2014-12-19,114900
2014-12-22,115250
2014-12-23,115415
2014-12-24,115410
2014-12-26,115680
2014-12-29,112665
2014-12-30,112880
2015-1-2,112620
2015-1-5,112540
2015-1-6,113290
2015-1-8,113110
2015-1-9,113490
2015-1-12,114245
2015-1-13,114405
2015-1-14,115000
2015-1-15,114405
2015-1-16,115185
2015-1-19,115095
2015-1-20,115140
2015-1-21,115100
2015-1-22,114775
2015-1-23,115295
2015-1-26,115780
2015-1-27,115675
2015-1-28,115995
2015-1-29,116315
2015-1-30,116220
2015-2-2,116220
2015-2-3,116550
2015-2-4,116085
2015-2-5,115975
2015-2-6,115970
2015-2-9,115780
2015-2-10,115345
2015-2-11,115160
2015-2-12,115125
2015-2-13,114950
2015-2-16,114385
2015-2-17,115030
2015-2-23,114845
2015-2-24,114710
2015-2-25,115180
2015-2-26,115290
2015-2-27,115400
2015-3-2,115760
2015-3-3,115495
2015-3-4,115560
2015-3-5,115505
2015-3-6,115845
2015-3-9,115515
2015-3-10,115515
2015-3-11,115580
2015-3-12,115800
2015-3-13,115700
2015-3-16,115910
2015-3-17,116055
2015-3-18,116100
2015-3-19,116860
2015-3-20,116905
2015-3-23,117130
2015-3-24,117060
2015-3-25,117230
2015-3-26,117320
2015-3-27,117150
2015-3-30,117460
2015-3-31,117580
2015-4-1,117530
2015-4-2,117780
2015-4-3,118000
2015-4-6,118315
2015-4-7,118155
2015-4-8,117955
2015-4-9,118030
2015-4-10,118645
2015-4-13,118240
2015-4-14,117885
2015-4-15,117930
2015-4-16,117640
2015-4-17,118110
2015-4-20,117805
2015-4-21,117520
2015-4-22,117535
2015-4-23,116810
2015-4-24,116720
2015-4-27,116630
2015-4-28,116055
2015-4-29,115605
2015-4-30,115605
2015-5-4,114895
2015-5-6,114310
2015-5-7,113975
2015-5-8,115115
2015-5-11,115370
2015-5-12,113990
2015-5-13,114130
2015-5-14,114715
2015-5-15,114895
2015-5-18,114700
2015-5-19,114450
2015-5-20,114915
2015-5-21,115025
2015-5-22,115045
2015-5-26,115135
2015-5-27,115220
2015-5-28,115470
2015-5-29,116395
2015-6-1,116385
2015-6-2,116620
2015-6-3,115675
2015-6-4,115120
2015-6-5,115325
2015-6-8,115015
2015-6-9,115390
2015-6-10,115270
2015-6-11,114890
2015-6-12,115390
2015-6-15,115110
2015-6-16,115095
2015-6-17,114640
2015-6-18,115000
2015-6-19,115510
2015-6-22,115145
2015-6-23,115375
2015-6-24,115300
2015-6-25,115500
2015-6-26,115250
2015-6-29,115410
2015-6-30,115635
2015-7-1,115550
2015-7-2,114930
2015-7-3,115040
2015-7-6,115495
2015-7-7,115405
2015-7-8,115410
2015-7-9,115500
2015-7-10,115105
2015-7-13,115055
2015-7-14,115140
2015-7-15,115275
2015-7-16,115430
2015-7-17,115620
2015-7-20,115565
2015-7-21,115815
2015-7-22,116045
2015-7-23,116610
2015-7-24,116990
2015-7-27,116915
2015-7-28,116530
2015-7-29,116645
2015-7-30,116470
2015-7-31,116275
2015-8-3,116465
2015-8-4,116300
2015-8-5,116030
2015-8-6,116330
2015-8-7,116280
2015-8-11,116965
2015-8-12,117680
2015-8-13,117520
2015-8-17,117570
2015-8-18,117775
2015-8-19,117430
2015-8-20,117700
2015-8-21,117950
2015-8-24,118125
2015-8-25,118220
2015-8-26,118250
2015-8-27,117635
2015-8-28,117580
2015-8-31,117710
2015-9-1,117300
2015-9-2,117935
2015-9-3,117870
2015-9-4,118040
2015-9-7,118275
2015-9-8,118240
2015-9-9,118175
2015-9-10,118340
2015-9-11,118215
2015-9-14,118080
2015-9-15,118110
2015-9-16,117980
2015-9-17,117975
2015-9-18,118655
2015-9-21,118955
2015-9-22,119050
2015-9-23,119250
2015-9-24,119155
2015-9-25,119010
2015-9-30,120010
2015-10-1,119605
2015-10-2,119705
2015-10-5,120140
2015-10-6,120145
2015-10-7,119935
2015-10-8,119790
2015-10-12,119440
2015-10-13,119355
2015-10-14,119460
2015-10-15,120065
2015-10-16,120000
2015-10-19,119910
2015-10-20,119785
2015-10-21,119480
2015-10-22,119615
2015-10-23,119690
2015-10-26,119730
2015-10-27,120065
2015-10-28,120500
2015-10-29,120130
2015-10-30,119715
2015-11-2,119520
2015-11-3,119405
2015-11-4,118670
2015-11-5,119310
2015-11-6,119085
2015-11-9,118020
2015-11-10,117975
2015-11-11,117825
2015-11-12,117940
2015-11-13,117690
2015-11-16,118195
2015-11-17,118105
2015-11-18,118070
2015-11-19,118280
2015-11-20,118565
2015-11-23,118315
2015-11-24,118390
2015-11-25,118435
2015-11-26,118605
2015-11-27,118610
2015-11-30,118570
2015-12-1,118290
2015-12-2,118575
2015-12-3,118495
2015-12-4,118000
2015-12-7,118110
2015-12-8,118360
2015-12-9,118855
2015-12-10,118805
2015-12-11,118905
2015-12-14,118975
2015-12-15,118745
2015-12-16,118935
2015-12-17,119265
2015-12-18,119790
2015-12-21,120085
2015-12-22,119930
2015-12-23,119950
2015-12-24,119810
2015-12-28,120165
2015-12-29,117255
2015-12-30,117225
2016-1-4,117710
2016-1-5,117280
2016-1-6,117465
2016-1-7,117825
2016-1-8,117495
2016-1-11,117625
2016-1-12,117670
2016-1-13,117715
2016-1-14,117820
2016-1-15,117450
2016-1-18,117840
2016-1-19,117340
2016-1-20,117890
2016-1-21,117805
2016-1-22,117615
2016-1-25,117805
2016-1-26,118165
2016-1-27,117945
2016-1-28,117935
2016-1-29,118235
2016-2-1,118890
2016-2-2,118980
2016-2-3,119310
2016-2-4,119380
2016-2-5,119290
2016-2-11,120390
2016-2-12,120260
2016-2-15,119900
2016-2-16,120495
2016-2-17,120330
2016-2-18,120230
2016-2-19,120165
2016-2-23,120120
2016-2-24,120075
2016-2-25,120100
2016-2-26,120400
2016-2-29,120435
2016-3-2,120080
2016-3-3,119720
2016-3-4,119495
2016-3-7,119500
2016-3-8,119845
2016-3-9,119785
2016-3-10,119670
2016-3-11,119290
2016-3-14,119080
2016-3-15,119220
2016-3-16,119175
2016-3-17,119620
2016-3-18,120025
2016-3-21,120135
2016-3-22,119990
2016-3-23,119645
2016-3-24,119925
2016-3-25,119915
2016-3-28,119990
2016-3-29,120240
2016-3-30,120665
2016-3-31,120520
2016-4-1,120515
2016-4-4,120580
2016-4-5,120480
2016-4-6,120590
2016-4-7,120395
2016-4-8,120415
2016-4-11,120595
2016-4-12,120590
2016-4-14,120035
2016-4-15,120110
2016-4-18,120105
2016-4-19,120105
2016-4-20,120390
2016-4-21,120295
2016-4-22,120370
2016-4-25,120255
2016-4-26,120485
2016-4-27,120480
2016-4-28,120480
2016-4-29,120675
2016-5-2,120680
2016-5-3,120655
2016-5-4,120945
2016-5-9,120955
2016-5-10,120990
2016-5-11,121115
2016-5-12,121090
2016-5-13,121030
2016-5-16,121005
2016-5-17,120870
2016-5-18,120745
2016-5-19,120450
2016-5-20,120810
2016-5-23,120720
2016-5-24,120935
2016-5-25,120955
2016-5-26,120930
2016-5-27,120980
2016-5-30,120755
2016-5-31,120785
2016-6-1,121225
2016-6-2,121195
2016-6-3,121200
2016-6-7,121770
2016-6-8,121850
2016-6-9,122150
2016-6-10,122400
2016-6-13,122615
2016-6-14,122485
2016-6-15,122530
2016-6-16,122885
2016-6-17,122880
2016-6-20,122620
2016-6-21,122540
2016-6-22,122560
2016-6-23,122635
2016-6-24,123620
2016-6-27,124090
2016-6-28,124220
2016-6-29,124285
2016-6-30,124410
2016-7-1,124945
2016-7-4,124905
2016-7-5,125035
2016-7-6,125110
2016-7-7,125240
2016-7-8,125335
2016-7-11,125275
2016-7-12,125165
2016-7-13,125150
2016-7-14,125565
2016-7-15,125330
2016-7-18,125105
2016-7-19,124945
2016-7-20,124885
2016-7-21,124790
2016-7-22,124880
2016-7-25,124960
2016-7-26,125075
2016-7-27,125170
2016-7-28,125375
2016-7-29,125410
2016-8-1,125565
2016-8-2,125415
2016-8-3,124950
2016-8-4,125020
2016-8-5,125300
2016-8-8,124950
2016-8-9,124985
2016-8-10,125225
2016-8-11,125295
2016-8-12,125095
2016-8-16,125170
2016-8-17,124985
2016-8-18,125150
2016-8-19,125000
2016-8-22,124900
2016-8-23,124950
2016-8-24,125100
2016-8-25,124970
2016-8-26,124980
2016-8-29,124805
2016-8-30,124960
2016-8-31,124405
2016-9-1,124125
2016-9-2,123935
2016-9-5,124100
2016-9-6,124190
2016-9-7,124610
2016-9-8,124600
2016-9-9,124180
2016-9-12,123620
2016-9-13,123550
2016-9-19,123425
2016-9-20,123470
2016-9-21,123425
2016-9-22,123940
2016-9-23,124250
2016-9-26,124440
2016-9-27,124295
2016-9-28,124445
2016-9-29,124610
2016-9-30,125330
2016-10-4,124770
2016-10-5,124275
2016-10-6,124050
2016-10-7,123930
2016-10-10,123955
2016-10-11,123155
2016-10-12,123320
2016-10-13,123975
2016-10-14,124120
2016-10-17,123340
2016-10-18,123225
2016-10-19,123320
2016-10-20,123240
2016-10-21,123300
2016-10-24,123010
2016-10-25,123100
2016-10-26,123220
2016-10-27,122755
2016-10-28,122280
2016-10-31,122520
2016-11-1,122250
2016-11-2,122210
2016-11-3,122620
2016-11-4,122530
2016-11-7,122495
2016-11-8,122395
2016-11-9,123015
2016-11-10,121500
2016-11-11,120360
2016-11-14,119150
2016-11-15,118885
2016-11-16,118860
2016-11-17,118585
2016-11-18,118200
2016-11-21,118125
2016-11-22,118180
2016-11-23,118200
2016-11-24,117710
2016-11-25,117880
2016-11-28,117950
2016-11-29,118300
2016-11-30,118350
2016-12-1,117625
2016-12-2,117100
2016-12-5,117545
2016-12-6,117910
2016-12-7,117700
2016-12-8,117885
2016-12-9,117600
2016-12-12,117025
2016-12-13,117400
2016-12-14,118045
2016-12-15,117565
2016-12-16,117820
2016-12-19,117875
2016-12-20,118125
2016-12-21,118255
2016-12-22,118420
2016-12-23,118600
2016-12-26,118500
2016-12-27,118335
2016-12-28,117315
2016-12-29,117670
2017-1-2,117630
2017-1-3,117750
2017-1-4,117335
2017-1-5,117485
2017-1-6,117740
2017-1-9,117035
2017-1-10,117145
2017-1-11,117110
2017-1-12,117530
2017-1-13,117430
2017-1-16,117150
2017-1-17,117110
2017-1-18,117180
2017-1-19,116675
2017-1-20,116915
2017-1-23,117275
2017-1-24,117325
2017-1-25,117205
2017-1-26,116670
2017-1-31,116890
2017-2-1,116910
2017-2-2,116870
2017-2-3,116760
2017-2-6,116900
2017-2-7,117275
2017-2-8,117135
2017-2-9,117490
2017-2-10,116895
2017-2-13,116890
2017-2-14,117110
2017-2-15,117050
2017-2-16,117155
2017-2-17,117315
2017-2-20,116950
2017-2-21,116610
2017-2-22,116180
2017-2-23,116510
2017-2-24,117160
2017-2-27,117045
2017-2-28,117110
2017-3-2,116595
2017-3-3,116295
2017-3-6,116120
2017-3-7,115785
2017-3-8,115835
2017-3-9,115580
2017-3-10,115675
2017-3-13,115800
2017-3-14,115705
2017-3-15,115920
2017-3-16,116900
2017-3-17,116905
2017-3-20,116950
2017-3-21,117165
2017-3-22,117130
2017-3-23,117275
2017-3-24,117200
2017-3-27,117400
2017-3-28,117395
2017-3-29,117195
2017-3-30,117180
2017-3-31,117170
2017-4-3,117185
2017-4-4,117535
2017-4-5,117535
2017-4-6,117390
2017-4-7,117075
2017-4-10,116595
2017-4-11,116670
2017-4-12,116850
2017-4-13,117310
2017-4-14,117310
2017-4-17,117430
2017-4-18,117325
2017-4-19,117665
2017-4-20,117590
2017-4-21,117525
2017-4-24,117100
2017-4-25,117140
2017-4-26,117000
2017-4-27,117015
2017-4-28,117185
2017-5-2,116870
2017-5-4,116890
2017-5-8,116660
2017-5-10,116500
2017-5-11,115995
2017-5-12,116090
2017-5-15,116400
2017-5-16,116400
2017-5-17,116395
2017-5-18,116585
2017-5-19,116685
2017-5-22,116600
2017-5-23,116555
2017-5-24,116505
2017-5-25,116800
2017-5-26,117010
2017-5-29,116760
2017-5-30,116900
2017-5-31,117320
2017-6-1,117370
2017-6-2,117370
2017-6-5,117445
2017-6-7,117620
2017-6-8,118000
2017-6-9,117650
2017-6-12,117335
2017-6-13,117870
2017-6-14,117810
2017-6-15,118150
2017-6-19,117815
2017-6-20,117875
2017-6-21,117960
2017-6-22,118060
2017-6-23,118070
2017-6-26,118215
2017-6-27,118095
2017-6-28,117810
2017-6-29,117675
2017-6-30,117420
2017-7-3,117195
2017-7-4,116725
2017-7-5,116795
2017-7-6,116835
2017-7-7,116435
2017-7-10,116595
2017-7-11,116665
2017-7-12,116820
2017-7-13,117205
2017-7-14,116805
2017-7-17,117010
2017-7-18,117125
2017-7-19,116995
2017-7-20,117175
2017-7-21,117655
2017-7-24,117570
2017-7-25,117520
2017-7-26,117355
2017-7-27,117565
2017-7-28,117450
2017-7-31,117440
2017-8-1,117095
2017-8-2,117275
2017-8-3,117360
2017-8-4,117355
2017-8-7,117080
2017-8-8,116770
2017-8-9,116545
2017-8-10,116185
2017-8-11,116760
2017-8-14,116985
2017-8-16,116645
2017-8-17,116760
2017-8-18,117060
2017-8-21,116895
2017-8-22,116730
2017-8-23,116725
2017-8-24,116885
2017-8-25,117200
2017-8-28,117275
2017-8-29,117205
2017-8-30,117320
2017-8-31,117400
2017-9-1,117245
2017-9-4,116680
2017-9-5,116825
2017-9-6,117185
2017-9-7,117210
2017-9-8,117570
2017-9-11,117585
2017-9-12,117510
2017-9-14,117615
2017-9-15,117490
2017-9-18,117470
2017-9-19,117250
2017-9-20,117060
2017-9-21,117340
2017-9-22,117335
2017-9-25,117495
2017-9-26,116995
2017-9-27,116735
2017-9-28,116300
2017-9-29,116390
2017-10-10,116210
2017-10-11,116090
2017-10-12,116305
2017-10-13,116575
2017-10-16,116325
2017-10-17,116270
2017-10-18,116445
2017-10-19,116165
2017-10-20,115700
2017-10-23,115590
2017-10-24,115575
2017-10-25,115475
2017-10-26,114985
2017-10-27,114750
2017-10-30,115215
2017-10-31,114945
2017-11-1,114705
2017-11-2,115025
2017-11-3,115230
2017-11-6,115095
2017-11-7,114960
2017-11-8,115030
2017-11-9,115050
2017-11-13,114620
2017-11-14,114480
2017-11-15,114645
2017-11-16,115030
2017-11-17,114990
2017-11-20,115045
2017-11-21,115130
2017-11-22,115175
2017-11-23,115320
2017-11-24,115335
2017-11-28,115570
2017-11-29,115725
2017-11-30,115945
2017-12-1,115800
2017-12-4,115780
2017-12-5,115690
2017-12-6,116000
2017-12-7,115960
2017-12-8,115890
2017-12-11,115790
2017-12-12,116120
2017-12-14,116240
2017-12-15,116340
2017-12-18,116420
2017-12-19,116150
2017-12-20,116025
2017-12-21,115970
2017-12-22,115735
2017-12-26,115910
2017-12-27,115760
2017-12-28,116005
2018-1-2,115980
2018-1-3,115765
2018-1-4,115765
2018-1-5,115635
2018-1-8,115490
2018-1-9,115295
2018-1-10,114520
2018-1-11,114890
2018-1-12,114780
2018-1-15,114450
2018-1-16,114485
2018-1-17,114615
2018-1-18,114770
2018-1-19,114650
2018-1-22,114530
2018-1-23,114515
2018-1-24,114735
2018-1-25,114560
2018-1-26,114635
2018-1-29,113900
2018-1-30,113550
2018-1-31,113530
2018-2-1,113640
2018-2-2,113635
2018-2-5,113290
2018-2-6,113635
2018-2-7,114130
2018-2-8,113980
2018-2-9,113675
2018-2-12,113400
2018-2-13,113620
2018-2-14,113895
2018-2-19,113485
2018-2-20,113610
2018-2-21,113710
2018-2-22,113600
2018-2-23,113610
2018-2-26,113840
2018-2-27,114065
2018-2-28,114185
2018-3-2,114320
2018-3-5,114105
2018-3-6,114205
2018-3-8,114345
2018-3-9,114350
2018-3-12,114180
2018-3-13,114050
2018-3-14,114410
2018-3-15,114540
2018-3-16,114535
2018-3-19,114435
2018-3-20,114410
2018-3-21,114500
2018-3-22,114625
2018-3-23,115155
2018-3-26,114970
2018-3-27,114950
2018-3-28,115405
2018-3-29,115320
2018-3-30,115500
2018-4-2,115350
2018-4-3,115315
2018-4-4,115405
2018-4-5,115530
2018-4-6,115675
2018-4-9,115625
2018-4-10,115600
2018-4-11,115805
2018-4-12,115950
2018-4-13,115850
2018-4-16,115630
2018-4-17,115560
2018-4-18,115415
2018-4-19,115315
2018-4-20,115295
2018-4-23,114885
2018-4-24,114870
2018-4-25,114535
2018-4-26,114530
2018-4-27,115000
2018-4-30,115015
2018-5-2,114645
2018-5-3,114640
2018-5-4,114510
2018-5-8,114305
2018-5-9,114325
2018-5-10,114475
2018-5-11,114400
2018-5-14,114280
2018-5-15,114140
2018-5-16,114230
2018-5-17,114375
2018-5-18,114330
2018-5-21,114530
2018-5-23,114700
2018-5-24,115045
2018-5-25,115145
2018-5-28,115045
2018-5-29,115275
2018-5-30,115455
2018-5-31,115420
2018-6-1,115380
2018-6-4,115200
2018-6-5,115080
2018-6-8,114915
2018-6-11,115070
2018-6-12,115135
2018-6-15,115565
2018-6-18,115840
2018-6-19,116055
2018-6-20,116215
2018-6-21,116300
2018-6-22,116340
2018-6-25,116315
2018-6-26,116325
2018-6-27,116625
2018-6-28,116905
2018-6-29,116820
2018-7-2,117105
2018-7-3,116830
2018-7-4,116925
2018-7-5,117125
2018-7-6,116970
2018-7-9,116850
2018-7-10,116920
2018-7-11,117170
2018-7-12,117215
2018-7-13,117050
2018-7-16,117160
2018-7-17,117115
2018-7-18,117225
2018-7-19,117200
2018-7-20,117320
2018-7-23,117300
2018-7-24,116910
2018-7-25,117050
2018-7-26,117050
2018-7-27,116965
2018-7-30,116965
2018-7-31,117150
2018-8-1,116810
2018-8-2,116895
2018-8-3,117000
2018-8-6,116970
2018-8-8,117150
2018-8-9,117460
2018-8-10,117700
2018-8-13,117765
2018-8-14,117610
2018-8-16,117940
2018-8-17,118345
2018-8-20,118495
2018-8-21,118945
2018-8-22,118945
2018-8-23,118755
2018-8-24,118840
2018-8-27,119095
2018-8-28,119205
2018-8-29,119225
2018-8-31,119495
2018-9-3,119700
2018-9-4,119785
2018-9-5,119895
2018-9-6,120400
2018-9-7,120130
2018-9-10,120200
2018-9-11,120150
2018-9-12,120105
2018-9-13,120215
2018-9-14,119805
2018-9-17,119565
2018-9-18,119285
2018-9-19,119240
2018-9-20,118850
2018-9-21,118825
2018-9-27,119255
2018-9-28,119420
2018-10-1,119260
2018-10-2,119105
2018-10-4,118700
2018-10-5,118545
2018-10-8,118455
2018-10-10,118800
2018-10-11,119230
2018-10-12,119045
2018-10-15,119130
2018-10-16,119340
2018-10-17,119675
2018-10-18,120060
2018-10-19,119815
2018-10-22,119595
2018-10-23,119935
2018-10-24,120100
2018-10-25,120565
2018-10-26,120785
2018-10-30,121070
2018-10-31,120655
2018-11-1,120685
2018-11-2,120350
2018-11-5,120380
2018-11-6,120350
2018-11-7,120630
2018-11-8,120710
2018-11-9,120880
2018-11-12,121200
2018-11-13,121080
2018-11-14,121310
2018-11-15,121010
2018-11-16,121045
2018-11-19,121360
2018-11-20,121310
2018-11-22,121290
2018-11-23,121580
2018-11-26,121685
2018-11-27,121810
2018-11-28,121800
2018-11-29,122130
2018-11-30,122310
2018-12-3,122095
2018-12-4,122395
2018-12-5,122745
2018-12-6,123500
2018-12-7,123455
2018-12-10,123480
2018-12-11,123405
2018-12-12,123175
2018-12-13,123055
2018-12-14,123190
2018-12-17,123375
2018-12-18,123415
2018-12-19,123910
2018-12-20,124080
2018-12-21,123675
2018-12-24,123450
2018-12-26,123630
2018-12-27,121385
2018-12-28,121370
2019-1-2,121355
2019-1-3,121395
2019-1-4,121105
2019-1-7,121155
2019-1-8,121005
2019-1-9,120830
2019-1-10,121205
2019-1-11,121035
2019-1-14,121130
2019-1-15,121330
2019-1-16,121265
2019-1-17,121285
2019-1-18,120980
2019-1-21,120855
2019-1-22,120990
2019-1-23,121125
2019-1-24,121195
2019-1-25,121005
2019-1-28,120870
2019-1-29,120730
2019-1-30,120545
2019-1-31,120840
2019-2-1,121160
2019-2-7,121190
2019-2-8,121405
2019-2-11,121590
2019-2-12,121370
2019-2-13,121230
2019-2-14,121295
2019-2-15,121540
2019-2-18,121340
2019-2-19,121295
2019-2-20,121275
2019-2-21,121120
2019-2-22,121150
2019-2-25,121150
2019-2-26,121125
2019-2-27,121335
2019-2-28,121395
2019-3-4,121020
2019-3-5,120980
2019-3-6,121090
2019-3-7,121320
2019-3-8,121585
2019-3-11,121505
2019-3-12,121400
2019-3-13,121705
2019-3-14,121620
2019-3-15,121500
2019-3-18,121415
2019-3-19,121600
2019-3-20,121610
2019-3-21,122005
2019-3-22,122110
2019-3-25,122570
2019-3-26,122345
2019-3-27,122915
2019-3-28,123360
2019-3-29,123310
2019-4-1,122930
2019-4-2,122970
2019-4-3,122765
2019-4-4,122850
2019-4-5,122660
2019-4-8,123000
2019-4-9,122875
2019-4-10,122905
2019-4-11,122930
2019-4-12,122850
2019-4-15,122455
2019-4-16,122380
2019-4-17,122180
2019-4-18,122760
2019-4-19,122700
2019-4-22,122340
2019-4-23,122485
2019-4-24,122565
2019-4-25,123040
2019-4-26,122975
2019-4-29,123105
2019-4-30,123295
2019-5-2,122925
2019-5-3,122780
2019-5-7,122920
2019-5-8,122970
2019-5-9,123150
2019-5-10,123095
2019-5-13,123045
2019-5-14,123095
2019-5-15,123185
2019-5-16,123565
2019-5-17,123610
2019-5-20,123345
2019-5-21,123535
2019-5-22,123515
2019-5-23,123770
2019-5-24,123995
2019-5-27,123850
2019-5-28,123900
2019-5-29,124430
2019-5-30,124500
2019-5-31,125075
2019-6-3,124995
2019-6-4,125095
2019-6-5,125460
2019-6-7,125410
2019-6-10,125220
2019-6-11,124950
2019-6-12,125685
2019-6-13,125705
2019-6-14,125810
2019-6-17,125645
2019-6-18,125645
2019-6-19,125835
2019-6-20,126345
2019-6-21,126215
2019-6-24,126280
2019-6-25,125990
2019-6-26,125735
2019-6-27,125745
2019-6-28,125940
2019-7-1,125895
2019-7-2,125975
2019-7-3,126475
2019-7-4,126650
2019-7-5,126660
2019-7-8,126565
2019-7-9,126585
2019-7-10,126405
2019-7-11,126505
2019-7-12,126250
2019-7-15,126180
2019-7-16,126240
2019-7-17,126515
2019-7-18,127255
2019-7-19,127500
2019-7-22,127400
2019-7-23,127410
2019-7-24,127430
2019-7-25,127735
2019-7-26,127855
2019-7-29,128005
2019-7-30,128055
2019-7-31,128175
2019-8-1,128085
2019-8-2,128515
2019-8-5,129555
2019-8-6,129685
2019-8-7,129655
2019-8-8,129545
2019-8-9,129300
2019-8-12,129365
2019-8-13,129845
2019-8-14,129920
2019-8-16,130485
2019-8-19,130445
2019-8-20,130270
2019-8-21,129585
2019-8-22,129755
2019-8-23,129470
2019-8-26,130330
2019-8-27,129990
2019-8-28,129720
2019-8-29,129845
2019-8-30,129555
2019-9-2,128850
2019-9-3,128970
2019-9-4,128840
2019-9-5,128570
2019-9-6,128530
2019-9-9,128745
2019-9-10,128555
2019-9-11,128470
2019-9-16,127185
2019-9-17,127325
2019-9-18,127660
2019-9-19,127875
2019-9-20,127760
2019-9-23,127820
2019-9-24,127810
2019-9-25,128125
2019-9-26,128115
2019-9-27,127990
2019-9-30,127845
2019-10-1,127415
2019-10-2,127465
2019-10-4,128800
2019-10-7,128725
2019-10-8,128170
2019-10-10,128000
2019-10-11,127550
2019-10-14,127560
2019-10-15,127570
2019-10-16,127200
2019-10-17,126700
2019-10-18,126630
2019-10-21,125910
2019-10-22,125780
2019-10-23,125850
2019-10-24,126050
2019-10-25,125800
2019-10-28,124775
2019-10-29,124565
2019-10-30,124790
2019-10-31,125110
2019-11-1,125110
2019-11-4,124230
2019-11-5,124160
2019-11-6,124125
2019-11-7,124325
2019-11-8,124400
2019-11-11,124700
2019-11-12,124220
2019-11-13,124505
2019-11-14,124725
2019-11-15,124740
2019-11-18,124730
2019-11-19,125200
2019-11-20,125735
2019-11-21,125905
2019-11-22,125740
2019-11-25,125345
2019-11-26,125520
2019-11-27,125935
2019-11-28,126095
2019-11-29,126440
2019-12-2,125900
2019-12-3,125380
2019-12-4,126035
2019-12-5,126150
2019-12-6,125925
2019-12-9,126010
2019-12-10,126330
2019-12-11,126300
2019-12-12,126310
2019-12-16,126355
2019-12-17,126480
2019-12-18,126525
2019-12-19,126040
2019-12-20,125810
2019-12-23,126060
2019-12-24,126265
2019-12-26,126190
2019-12-27,123085
2019-12-30,123030
2020-1-2,123285
2020-1-3,124030
2020-1-6,124360
2020-1-7,123590
2020-1-8,123360
2020-1-9,122800
2020-1-10,122380
2020-1-13,122355
2020-1-14,122605
2020-1-15,122775
2020-1-16,122715
2020-1-17,122455
2020-1-20,122400
2020-1-21,123065
2020-1-22,122820
2020-1-23,122910
2020-1-28,124200
2020-1-29,124195
2020-1-30,124635
2020-1-31,124535
2020-2-3,124695
2020-2-4,123935
2020-2-5,124020
2020-2-6,123880
2020-2-7,124160
2020-2-10,124150
2020-2-11,124155
2020-2-12,124070
2020-2-13,124160
2020-2-14,123775
2020-2-17,123975
2020-2-18,124560
2020-2-19,124700
2020-2-20,125165
2020-2-21,125725
2020-2-24,126135
2020-2-25,126150
2020-2-26,126290
2020-2-27,125955
2020-2-28,126825
2020-3-2,126610
2020-3-3,126715
2020-3-4,127310
2020-3-5,127130
2020-3-6,126550
2020-3-9,127800
2020-3-10,127500
2020-3-11,127100
2020-3-12,126585
2020-3-13,124630
2020-3-17,125915
2020-3-18,125380
2020-3-19,123590
2020-3-20,124000
2020-3-23,122900
2020-3-24,123030
2020-3-25,123455
2020-3-26,125145
2020-3-27,125120
2020-3-30,124755
2020-3-31,124740
2020-4-1,124785
2020-4-2,125045
2020-4-3,124715
2020-4-6,124820
2020-4-7,124495
2020-4-8,125160
2020-4-9,126035
2020-4-10,126080
2020-4-13,125855
2020-4-14,125830
2020-4-16,126425
2020-4-17,126125
2020-4-20,126165
2020-4-21,125975
2020-4-22,125120
2020-4-23,125040
2020-4-24,124995
2020-4-27,124795
2020-4-28,124965
2020-4-29,125395
2020-5-4,125545
2020-5-6,125550
2020-5-7,125745
2020-5-8,126255
2020-5-11,126155
2020-5-12,126445
2020-5-13,126835
2020-5-14,126975
2020-5-15,126950
2020-5-18,126845
2020-5-19,126910
2020-5-20,127095
2020-5-21,127410
2020-5-22,127310
2020-5-25,127705
2020-5-26,127535
2020-5-27,127395
2020-5-28,127450
2020-5-29,127130
2020-6-1,126990
2020-6-2,127000
2020-6-3,126675
2020-6-4,126555
2020-6-5,126340
2020-6-8,126330
2020-6-9,126870
2020-6-10,126890
2020-6-11,127045
2020-6-12,127040
2020-6-15,126720
2020-6-16,126910
2020-6-17,126800
2020-6-18,127215
2020-6-19,127185
2020-6-22,127090
2020-6-23,127090
2020-6-24,127335
2020-6-25,127475
2020-6-26,127745
2020-6-29,127355
2020-6-30,127320
2020-7-1,126910
2020-7-2,127270
2020-7-3,127220
2020-7-6,126970
2020-7-7,127185
2020-7-8,127275
2020-7-9,127170
2020-7-10,127155
2020-7-13,126975
2020-7-14,126950
2020-7-15,126975
2020-7-16,127325
2020-7-17,127695
2020-7-20,127890
2020-7-21,127740
2020-7-22,127850
2020-7-23,128165
2020-7-24,128290
2020-7-27,128295
2020-7-28,128110
2020-7-29,128315
2020-7-30,128550
2020-7-31,128505
2020-8-3,128315
2020-8-4,128350
2020-8-5,128545
2020-8-6,128360
2020-8-7,128250
2020-8-10,127900
2020-8-11,127980
2020-8-12,127790
2020-8-13,127825
2020-8-14,127535
2020-8-18,127925
2020-8-19,128085
2020-8-20,127725
2020-8-21,127435
2020-8-24,127640
2020-8-25,127590
2020-8-26,127440
2020-8-27,127205
2020-8-28,126495
2020-8-31,126305
2020-9-1,125580
2020-9-2,126060
2020-9-3,126230
2020-9-4,126205
2020-9-7,125820
2020-9-9,126245
2020-9-10,126300
2020-9-11,126190
2020-9-14,126340
2020-9-15,126435
2020-9-16,126660
2020-9-17,126445
2020-9-18,126505
2020-9-21,126520
2020-9-22,126780
2020-9-23,127165
2020-9-24,127200
2020-9-25,127225
2020-9-28,127480
2020-9-29,127360
2020-10-5,126920
2020-10-6,126485
2020-10-7,126345
2020-10-8,126200
2020-10-12,126160
2020-10-13,126315
2020-10-14,126550
2020-10-15,126970
2020-10-16,126915
2020-10-19,127330
2020-10-20,127175
2020-10-21,126575
2020-10-22,126735
2020-10-23,126865
2020-10-26,126995
2020-10-27,126815
2020-10-28,126780
2020-10-29,126575
2020-10-30,126345
2020-11-2,125740
2020-11-3,125730
2020-11-4,126100
2020-11-5,126510
2020-11-6,126205
2020-11-9,126100
2020-11-10,125500
2020-11-11,125195
2020-11-12,125300
2020-11-13,125500
2020-11-16,125515
2020-11-17,125550
2020-11-18,125820
2020-11-19,125800
2020-11-20,125780
2020-11-23,126055
2020-11-24,125810
2020-11-25,125560
2020-11-26,125320
2020-11-27,125400
2020-11-30,125275
2020-12-1,125400
2020-12-2,125120
2020-12-3,125100
2020-12-4,125300
2020-12-7,125400
2020-12-8,125535
2020-12-9,125300
2020-12-10,125400
2020-12-11,125385
2020-12-14,125335
2020-12-15,125290
2020-12-16,125140
2020-12-17,124605
2020-12-18,124920
2020-12-22,125440
2020-12-23,125560
2020-12-24,125200
2020-12-28,125180
2020-12-29,122775
2020-12-30,122490
2021-1-4,122580
2021-1-5,122890
2021-1-6,122470
2021-1-7,122410
2021-1-8,122330
2021-1-11,122785
2021-1-12,122600
2021-1-13,122580
2021-1-14,122470
2021-1-15,122600
2021-1-18,122785
2021-1-19,122725
2021-1-20,122900
2021-1-21,122910
2021-1-22,122425
2021-1-25,122295
2021-1-26,122395
2021-1-27,122375
2021-1-28,122380
2021-1-29,122435
2021-2-1,122065
2021-2-2,122535
2021-2-3,122485
2021-2-4,122300
2021-2-5,122260
2021-2-8,121965
2021-2-9,122135
2021-2-10,121935
2021-2-15,121625
2021-2-16,121800
2021-2-17,121775
2021-2-18,121850
2021-2-19,121630
2021-2-22,121200
2021-2-23,121315
2021-2-24,121850
2021-2-25,121525
2021-2-26,120670
2021-3-2,120760
2021-3-3,120820
2021-3-4,120650
2021-3-5,120630
2021-3-8,120400
2021-3-9,120170
2021-3-10,120200
2021-3-11,120420
2021-3-12,119660
2021-3-15,119360
2021-3-16,119955
2021-3-17,119580
2021-3-18,119270
2021-3-19,119780
2021-3-22,120245
2021-3-23,120475
2021-3-24,120895
2021-3-25,121195
2021-3-26,120725
2021-3-29,120990
2021-3-30,120175
2021-3-31,120200
2021-4-1,120535
2021-4-2,120320
2021-4-5,119985
2021-4-6,120145
2021-4-7,120230
2021-4-8,120700
2021-4-9,120565
2021-4-12,120935
2021-4-13,120590
2021-4-14,120940
2021-4-15,120730
2021-4-16,120705
2021-4-19,121170
2021-4-20,120840
2021-4-21,120880
2021-4-22,121030
2021-4-23,120495
2021-4-26,120080
2021-4-27,120220
2021-4-28,120070
2021-4-29,119910
2021-4-30,119695
2021-5-3,119630
2021-5-4,119670
2021-5-6,119850
2021-5-7,119775
2021-5-10,119605
2021-5-11,119640
2021-5-12,119760
2021-5-13,119475
2021-5-14,119475
2021-5-17,119840
2021-5-18,119770
2021-5-20,119720
2021-5-21,119830
2021-5-24,119855
2021-5-25,119770
2021-5-26,119790
2021-5-27,119860
2021-5-28,119800
2021-5-31,119260
2021-6-1,119330
2021-6-2,119110
2021-6-3,119240
2021-6-4,119440
2021-6-7,119655
2021-6-8,119950
2021-6-9,120075
2021-6-10,120265
2021-6-11,120085
2021-6-14,120355
2021-6-15,120430
2021-6-16,120515
2021-6-17,120495
2021-6-18,120865
2021-6-21,121210
2021-6-22,120745
2021-6-23,120860
2021-6-24,120685
2021-6-25,120325
2021-6-28,119980
2021-6-29,120195
2021-6-30,120400
2021-7-2,120345
2021-7-5,120515
2021-7-6,120710
2021-7-7,120895
2021-7-8,121345
2021-7-9,121105
2021-7-12,121300
2021-7-13,121105
2021-7-14,121250
2021-7-15,121110
2021-7-16,121280
2021-7-19,121630
2021-7-20,122245
2021-7-21,122460
2021-7-22,121980
2021-7-23,122230
2021-7-26,122445
2021-7-27,122500
2021-7-28,122615
2021-7-29,122265
2021-7-30,122445
2021-8-2,122210
2021-8-3,122340
2021-8-4,122475
2021-8-5,122595
2021-8-6,122500
2021-8-9,122240
2021-8-10,122130
2021-8-11,122145
2021-8-12,121965
2021-8-13,122000
2021-8-17,122410
2021-8-18,122545
2021-8-19,122630
2021-8-20,122700
2021-8-23,122440
2021-8-24,121980
2021-8-25,121935
2021-8-26,122005
2021-8-27,121915
2021-8-30,122255
2021-8-31,122270
2021-9-1,122090
2021-9-2,122060
2021-9-3,121915
2021-9-6,121650
2021-9-7,121820
2021-9-8,121260
2021-9-9,121490
2021-9-10,121460
2021-9-13,121220
2021-9-14,120915
2021-9-15,121275
2021-9-16,121090
2021-9-17,120830
2021-9-23,120615
2021-9-24,120060
2021-9-27,119970
2021-9-28,119085
2021-9-29,119305
2021-9-30,119220
2021-10-1,119045
2021-10-5,118845
2021-10-6,117620
2021-10-7,117785
2021-10-8,117935
2021-10-12,117190
2021-10-13,117600
2021-10-14,118185
2021-10-15,118145
2021-10-18,117690
2021-10-19,117935
2021-10-20,117765
2021-10-21,117860
2021-10-22,117620
2021-10-25,117520
2021-10-26,117175
2021-10-27,116890
2021-10-28,117805
2021-10-29,115900
2021-11-1,116925
2021-11-2,117050
2021-11-3,117060
2021-11-4,117585
2021-11-5,118305
2021-11-8,118540
2021-11-9,118950
2021-11-10,118765
2021-11-11,118420
2021-11-12,118335
2021-11-15,118930
2021-11-16,118545
2021-11-17,118280
2021-11-18,118450
2021-11-19,118240
2021-11-22,118115
2021-11-23,117890
2021-11-24,117995
2021-11-25,118380
2021-11-26,119390
2021-11-29,119125
2021-11-30,119720
2021-12-1,120070
2021-12-2,120070
2021-12-3,119650
2021-12-6,119745
2021-12-7,119495
2021-12-8,120040
2021-12-9,120075
2021-12-10,119890
2021-12-13,120025
2021-12-14,120215
2021-12-15,120235
2021-12-16,120330
2021-12-17,120335
2021-12-20,120780
2021-12-21,120940
2021-12-22,120495
2021-12-23,119850
2021-12-24,119940
2021-12-27,120095
2021-12-28,120110
2021-12-29,120245
2021-12-30,119505
2022-1-3,118885
2022-1-4,118850
2022-1-5,118340
2022-1-6,117225
2022-1-7,117405
2022-1-10,117265
2022-1-11,117240
2022-1-12,117865
2022-1-13,118235
2022-1-14,117405
2022-1-17,116655
2022-1-18,116640
2022-1-19,116960
2022-1-20,116655
2022-1-21,116935
2022-1-24,116845
2022-1-25,116630
2022-1-26,116580
2022-1-27,116120
2022-1-28,116500
2022-2-3,116670
2022-2-4,116155
2022-2-7,116010
2022-2-8,115030
2022-2-9,115600
2022-2-10,115560
2022-2-11,114950
2022-2-14,115470
2022-2-15,115445
2022-2-16,115520
2022-2-17,115485
2022-2-18,115410
2022-2-21,114900
2022-2-22,115505
2022-2-23,115380
2022-2-24,116480
2022-2-25,115855
2022-2-28,116030
2022-3-2,116650
2022-3-3,116305
2022-3-4,116210
2022-3-7,115755
2022-3-8,115605
2022-3-10,115490
2022-3-11,115780
2022-3-14,115505
2022-3-15,115315
2022-3-16,115280
2022-3-17,115940
2022-3-18,115605
2022-3-21,115570
2022-3-22,114695
2022-3-23,114640
2022-3-24,114475
2022-3-25,114440
2022-3-28,112955
2022-3-29,113450
2022-3-30,114265
2022-3-31,113390
2022-4-1,113140
2022-4-4,112450
2022-4-5,112410
2022-4-6,111990
2022-4-7,111950
2022-4-8,111590
2022-4-11,110425
2022-4-12,110210
2022-4-13,110505
2022-4-14,111180
2022-4-15,110575
2022-4-18,110005
2022-4-19,110100
2022-4-20,110405
2022-4-21,110680
2022-4-22,110190
2022-4-25,111510
2022-4-26,111605
2022-4-27,111805
2022-4-28,111830
2022-4-29,111220
2022-5-2,110070
2022-5-3,109670
2022-5-4,109190
2022-5-6,109520
2022-5-9,109720
2022-5-10,109775
2022-5-11,110940
2022-5-12,111930
2022-5-13,111575
2022-5-16,111010
2022-5-17,111010
2022-5-18,110580
2022-5-19,110775
2022-5-20,111385
2022-5-23,111170
2022-5-24,111695
2022-5-25,112110
2022-5-26,111475
2022-5-27,111785
2022-5-30,111825
2022-5-31,110750
2022-6-2,109900
2022-6-3,110075
2022-6-7,108875
2022-6-8,109525
2022-6-9,109230
2022-6-10,109150
2022-6-13,107980
2022-6-14,107800
2022-6-15,106660
2022-6-17,106595
2022-6-20,106740
2022-6-21,106735
2022-6-22,107455
2022-6-23,107610
2022-6-24,108115
2022-6-27,107495
2022-6-28,108000
2022-6-29,107930
2022-6-30,108030
2022-7-1,109485
2022-7-4,109390
2022-7-5,110430
2022-7-6,111325
2022-7-7,111295
2022-7-8,110550
2022-7-11,110550
2022-7-12,110690
2022-7-13,111350
2022-7-14,111210
2022-7-15,111675
2022-7-18,111605
2022-7-20,110685
2022-7-21,110655
2022-7-22,111300
2022-7-25,112130
2022-7-26,112410
2022-7-27,112770
2022-7-28,112345
2022-7-29,112935
2022-8-1,112580
2022-8-2,113290
2022-8-3,112940
2022-8-4,112835
2022-8-5,112965
2022-8-8,112630
2022-8-9,112755
2022-8-10,112320
2022-8-11,111980
2022-8-12,111510
2022-8-16,112900
2022-8-17,112550
2022-8-18,112305
2022-8-19,111470
2022-8-22,111140
2022-8-23,110980
2022-8-24,110385
2022-8-25,109015
2022-8-26,108760
2022-8-29,108095
2022-8-30,108155
2022-8-31,107630
2022-9-1,107330
2022-9-2,107815
2022-9-5,108470
2022-9-6,108130
2022-9-7,107810
2022-9-8,108880
2022-9-13,108795
2022-9-14,108720
2022-9-15,107515
2022-9-16,107580
2022-9-19,107410
2022-9-20,107260
2022-9-21,106575
2022-9-22,105755
2022-9-23,104710
2022-9-26,103160
2022-9-27,103940
2022-9-28,103575
2022-9-29,103800
2022-9-30,104760
2022-10-4,105545
2022-10-5,105255
2022-10-6,104860
2022-10-7,103995
2022-10-11,103290
2022-10-12,104850
2022-10-13,103885
2022-10-14,104195
2022-10-17,104180
2022-10-18,103605
2022-10-19,102760
2022-10-20,102555
2022-10-21,100580
2022-10-24,102050
2022-10-25,102830
2022-10-26,103995
2022-10-27,103735
2022-10-28,104570
2022-10-31,103890
2022-11-1,104620
2022-11-2,104710
2022-11-3,104330
2022-11-4,104575
2022-11-7,103895
2022-11-8,104160
2022-11-9,104710
2022-11-10,105370
2022-11-11,107105
2022-11-14,106830
2022-11-15,107300
2022-11-16,107000
2022-11-17,107650
2022-11-18,107800
2022-11-21,108190
2022-11-22,108155
2022-11-23,108080
2022-11-24,109365
2022-11-25,109460
2022-11-28,109575
2022-11-29,108995
2022-11-30,109170
2022-12-1,108980
2022-12-2,109755
2022-12-5,110035
2022-12-6,110430
2022-12-7,110470
2022-12-8,110375
2022-12-9,110550
2022-12-12,110640
2022-12-13,110400
2022-12-14,111145
2022-12-15,111185
2022-12-16,111570
2022-12-19,111300
2022-12-20,109465
2022-12-21,109765
2022-12-22,110475
2022-12-23,109885
2022-12-26,109205
2022-12-27,109480
2022-12-28,107535
2022-12-29,107335
